{
  "hash": "ac8b698e",
  "configHash": "ecf16578",
  "lockfileHash": "8ac19af0",
  "browserHash": "1bb66970",
  "optimized": {
    "@angular/core": {
      "src": "../../../../../node_modules/@angular/core/fesm2022/core.mjs",
      "file": "@angular_core.js",
      "fileHash": "b90537d3",
      "needsInterop": false
    },
    "@angular/forms": {
      "src": "../../../../../node_modules/@angular/forms/fesm2022/forms.mjs",
      "file": "@angular_forms.js",
      "fileHash": "35686765",
      "needsInterop": false
    },
    "@angular/platform-browser": {
      "src": "../../../../../node_modules/@angular/platform-browser/fesm2022/platform-browser.mjs",
      "file": "@angular_platform-browser.js",
      "fileHash": "22f69fb1",
      "needsInterop": false
    },
    "@angular/router": {
      "src": "../../../../../node_modules/@angular/router/fesm2022/router.mjs",
      "file": "@angular_router.js",
      "fileHash": "db00a97a",
      "needsInterop": false
    },
    "@angular/common": {
      "src": "../../../../../node_modules/@angular/common/fesm2022/common.mjs",
      "file": "@angular_common.js",
      "fileHash": "557b6529",
      "needsInterop": false
    }
  },
  "chunks": {
    "chunk-T3JOYEAF": {
      "file": "chunk-T3JOYEAF.js"
    },
    "chunk-NCRJLOF7": {
      "file": "chunk-NCRJLOF7.js"
    },
    "chunk-BDK72RLS": {
      "file": "chunk-BDK72RLS.js"
    }
  }
}